Name,Number,Name,Number
Jacob,273911,Emily,223714
Michael,250610,Madison,193172
Joshua,231972,Emma,181305
Matthew,221556,Olivia,156018
Daniel,203785,Hannah,155723
Christopher,203321,Abigail,150882
Andrew,202485,Isabella,149534
Ethan,201795,Samantha,134281
Joseph,194793,Elizabeth,133457
William,194328,Ashley,133024
Anthony,191874,Alexis,130801
David,179935,Sarah,124411
Alexander,178788,Sophia,119228
Nicholas,177582,Alyssa,114476
Ryan,173208,Grace,110702
Tyler,165548,Ava,104522
James,163127,Taylor,100972
John,160966,Brianna,99768
Jonathan,144787,Lauren,97146
Noah,143446,Chloe,96467
Brandon,142964,Natalie,95076
Christian,142384,Kayla,94336
Dylan,140093,Jessica,90647
Samuel,138500,Anna,90215
Benjamin,137246,Victoria,84939
Nathan,134810,Mia,83498
Zachary,134737,Hailey,81967
Logan,134014,Sydney,76431
Justin,122962,Jasmine,76040
Gabriel,119797,Julia,70861
Jose,115705,Morgan,70742
Austin,112742,Destiny,69789
Kevin,111047,Rachel,68314
Elijah,110360,Ella,67485
Caleb,110057,Kaitlyn,66904
Robert,106624,Megan,66823
Thomas,102075,Katherine,65344
Jordan,101149,Savannah,64732
Cameron,95871,Jennifer,63491
Jack,95498,Alexandra,61238
Hunter,94837,Allison,59959
Jackson,94478,Haley,57048
Angel,94300,Maria,56968
Isaiah,92745,Kaylee,56410
Evan,92128,Lily,56173
Isaac,90705,Makayla,54967
Luke,90479,Brooke,54678
Mason,90477,Nicole,54567
Jayden,88561,Mackenzie,54544
Jason,88538,Addison,51372
Gavin,88431,Stephanie,49949
Aaron,86931,Lillian,49374
Connor,85968,Andrea,49171
Aiden,83527,Faith,48765
Aidan,76493,Zoe,48747
Kyle,76143,Kimberly,48480
Juan,75832,Madeline,48272
Charles,75320,Alexa,48104
Luis,74310,Katelyn,47828
Adam,70989,Gabriella,47378
Lucas,70969,Gabrielle,47014
Brian,69755,Trinity,46877
Eric,69465,Amanda,46589
Adrian,66107,Kylie,46434
Nathaniel,64249,Mary,46173
Sean,64115,Paige,45568
Alex,63766,Riley,45522
Carlos,63164,Leah,45407
Bryan,61919,Jenna,45290
Ian,61919,Sara,44025
Owen,61865,Rebecca,43681
Jesus,61296,Michelle,43520
Landon,61113,Sofia,43367
Julian,60373,Vanessa,43215
Chase,57159,Jordan,43171
Cole,56838,Angelina,42802
Diego,56028,Caroline,41838
Jeremiah,55645,Avery,41696
Steven,53881,Audrey,41510
Sebastian,53848,Evelyn,40721
Xavier,52458,Maya,40023
Timothy,52440,Claire,39003
Carter,52309,Autumn,38515
Wyatt,51339,Jocelyn,38379
Brayden,50368,Ariana,37993
Blake,50096,Nevaeh,37921
Hayden,50037,Arianna,37822
Devin,49418,Jada,37070
Cody,48871,Bailey,36870
Richard,48570,Brooklyn,36847
Seth,48151,Aaliyah,36367
Dominic,48102,Amber,36208
Jaden,46261,Isabel,36028
Antonio,46227,Mariah,35668
Miguel,46083,Danielle,35607
Liam,44928,Melanie,35218
Patrick,44775,Sierra,34519
Carson,44628,Erin,33361
Jesse,43369,Amelia,33269
Tristan,43291,Molly,33261
Alejandro,43100,Isabelle,32859
Henry,42675,Madelyn,32615
Victor,40669,Melissa,32609
Trevor,40044,Jacqueline,32112
Bryce,39873,Marissa,32066
Jake,39827,Angela,31303
Riley,39615,Shelby,31299
Colin,39124,Leslie,31051
Jared,38008,Katie,30493
Jeremy,37474,Jade,30284
Mark,37244,Catherine,29691
Caden,36729,Diana,29535
Garrett,36221,Aubrey,29528
Parker,35723,Mya,28790
Marcus,35648,Amy,28752
Vincent,35262,Briana,28712
Kaleb,34752,Sophie,28676
Kaden,34627,Gabriela,28533
Brady,34299,Breanna,28014
Colton,34242,Gianna,27850
Kenneth,34076,Kennedy,27564
Joel,33663,Gracie,27475
Oscar,33533,Peyton,27466
Josiah,33231,Adriana,27399
Jorge,33023,Christina,27154
Ashton,32437,Courtney,26972
Cooper,32431,Daniela,26635
Tanner,31678,Lydia,26338
Eduardo,31399,Kathryn,26286
Paul,30933,Valeria,26206
Edward,30803,Layla,26198
Ivan,30686,Alexandria,25924
Preston,30321,Natalia,25522
Maxwell,30046,Angel,25432
Alan,29640,Laura,25000
Levi,29339,Charlotte,24255
Stephen,28884,Margaret,23907
Grant,28409,Cheyenne,23902
Nicolas,28263,Miranda,23733
Dakota,28167,Mikayla,23727
Omar,28155,Naomi,23719
Alexis,28026,Kelsey,23378
George,28001,Payton,23374
Eli,27896,Ana,23189
Collin,27826,Alicia,23146
Spencer,27445,Jillian,22817
Gage,27416,Daisy,22799
Max,27363,Mckenzie,22560
Ricardo,27183,Ashlyn,22462
Cristian,27181,Sabrina,22342
Derek,27017,Caitlin,22295
Micah,27004,Summer,22183
Brody,26688,Ruby,22019
Francisco,26507,Valerie,21951
Nolan,26369,Rylee,21950
Ayden,26285,Skylar,21890
Dalton,26172,Lindsey,21642
Shane,26119,Kelly,21615
Peter,26118,Genesis,21430
Damian,26024,Zoey,21395
Jeffrey,25910,Eva,21341
Brendan,25833,Sadie,21315
Travis,25730,Alexia,21227
Fernando,25145,Cassidy,21171
Peyton,24963,Kylee,21158
Conner,24925,Kendall,21027
Andres,24768,Jordyn,20992
Javier,24622,Kate,20764
Giovanni,24222,Jayla,20734
Shawn,24185,Karen,20600
Braden,24070,Tiffany,20181
Jonah,23691,Cassandra,20127
Bradley,23613,Juliana,20058
Cesar,23599,Reagan,19974
Emmanuel,23534,Caitlyn,19779
Manuel,23441,Giselle,19715
Edgar,22583,Serenity,19626
Mario,22418,Alondra,19496
Erik,22404,Lucy,19383
Edwin,22064,Bianca,18910
Johnathan,21910,Kiara,18909
Devon,21625,Crystal,18895
Erick,21425,Erica,18867
Wesley,21077,Angelica,18689
Oliver,20928,Hope,18679
Trenton,20892,Chelsea,18020
Hector,20877,Alana,17928
Malachi,20770,Liliana,17612
Jalen,20443,Brittany,17562
Raymond,20414,Camila,17560
Gregory,20068,Makenzie,17472
Abraham,19827,Lilly,17262
Elias,19609,Veronica,17239
Leonardo,19485,Abby,17214
Sergio,19441,Jazmin,17198
Donovan,19325,Adrianna,17177
Colby,19179,Delaney,17085
Marco,19113,Karina,17078
Bryson,19062,Ellie,17020
Martin,18750,Jasmin,16912
